Sedang Tayang ðŸ”¥ðŸ”¥ðŸ”¥,Baru Ditambah & Diperbarui
Sorairo Utility (TV),Kage no Jitsuryokusha ni Naritakute! Season 2
Soul Land 2: The Peerless Tang Clan [The Unrivaled Tang Sect],Shinkalion: Change the World
Dragon Ball Daima,Aquarion Movie: Ippatsu Gyakuten-hen
Ãœbel Blatt,Sword of Coming
Guild no Uketsukejou desu ga Zangyou wa Iya nanode Boss wo Solo Toubatsu Shiyou to Omoimasu,0-saiji Start Dash Monogatari
Class no Daikirai na Joshi to Kekkon suru Koto ni Natta.,Tensei shitara Slime Datta Ken Season 3
Kusuriya no Hitorigoto Season 2,Kinnikuman: Kanpeki ChÐ¾ujin Shiso-hen
Farmagia,Jibaku Shounen Hanako-kun
Tasokare Hotel,Dandadan
Nihon e Youkoso Elf-san.,Dadao Chaotian
